ANESTETICS,DOCTORS, 
ANESTETICS,NURSES,
ANESTETICS,CARETAKERS,
ANESTETICS,OTHERS,
INTENSIVECARE,DOCTORS,
INTENSIVECARE,NURSES,
INTENSIVECARE,CARETAKERS,
INTENSIVECARE,OTHERS, 
AMBULANCE,DOCTORS,
AMBULANCE,NURSES,
AMBULANCE,CARETAKERS,
AMBULANCE,OTHERS,
EMERGENCY,DOCTORS,
EMERGENCY,NURSES,
EMERGENCY,CARETAKERS,
EMERGENCY,OTHERS, 
SURGERY,DOCTORS,
SURGERY,NURSES,
SURGERY,CARETAKERS,
SURGERY,OTHERS, 
ONCOLOGY,DOCTORS,
ONCOLOGY,NURSES,
ONCOLOGY,CARETAKERS,
ONCOLOGY,OTHERS, 
INTERNALDISEASES,DOCTORS,
INTERNALDISEASES,NURSES,
INTERNALDISEASES,CARETAKERS,
INTERNALDISEASES,OTHERS,
DIAGNOSTICS,DOCTORS,
DIAGNOSTICS,NURSES,
DIAGNOSTICS,TECHNICIANS,
DIAGNOSTICS,CARETAKERS,
DIAGNOSTICS,OTHERS